{
    "Logistic Regression": {
        "0": {
            "precision": 0.84375,
            "recall": 0.8181818181818182,
            "f1-score": 0.8307692307692308,
            "support": 33.0
        },
        "1": {
            "precision": 0.9166666666666666,
            "recall": 0.9295774647887324,
            "f1-score": 0.9230769230769231,
            "support": 71.0
        },
        "accuracy": 0.8942307692307693,
        "macro avg": {
            "precision": 0.8802083333333333,
            "recall": 0.8738796414852753,
            "f1-score": 0.8769230769230769,
            "support": 104.0
        },
        "weighted avg": {
            "precision": 0.8935296474358974,
            "recall": 0.8942307692307693,
            "f1-score": 0.8937869822485209,
            "support": 104.0
        }
    },
    "Decision Tree": {
        "0": {
            "precision": 0.8888888888888888,
            "recall": 0.9696969696969697,
            "f1-score": 0.927536231884058,
            "support": 33.0
        },
        "1": {
            "precision": 0.9852941176470589,
            "recall": 0.9436619718309859,
            "f1-score": 0.9640287769784173,
            "support": 71.0
        },
        "accuracy": 0.9519230769230769,
        "macro avg": {
            "precision": 0.9370915032679739,
            "recall": 0.9566794707639779,
            "f1-score": 0.9457825044312376,
            "support": 104.0
        },
        "weighted avg": {
            "precision": 0.9547039969834087,
            "recall": 0.9519230769230769,
            "f1-score": 0.9524494117080918,
            "support": 104.0
        }
    },
    "K-Nearest Neighbors": {
        "0": {
            "precision": 0.7894736842105263,
            "recall": 0.9090909090909091,
            "f1-score": 0.8450704225352113,
            "support": 33.0
        },
        "1": {
            "precision": 0.9545454545454546,
            "recall": 0.8873239436619719,
            "f1-score": 0.9197080291970803,
            "support": 71.0
        },
        "accuracy": 0.8942307692307693,
        "macro avg": {
            "precision": 0.8720095693779905,
            "recall": 0.8982074263764405,
            "f1-score": 0.8823892258661458,
            "support": 104.0
        },
        "weighted avg": {
            "precision": 0.9021669120353332,
            "recall": 0.8942307692307693,
            "f1-score": 0.8960249424678334,
            "support": 104.0
        }
    },
    "Naive Bayes": {
        "0": {
            "precision": 0.9032258064516129,
            "recall": 0.8484848484848485,
            "f1-score": 0.875,
            "support": 33.0
        },
        "1": {
            "precision": 0.9315068493150684,
            "recall": 0.9577464788732394,
            "f1-score": 0.9444444444444444,
            "support": 71.0
        },
        "accuracy": 0.9230769230769231,
        "macro avg": {
            "precision": 0.9173663278833406,
            "recall": 0.903115663679044,
            "f1-score": 0.9097222222222222,
            "support": 104.0
        },
        "weighted avg": {
            "precision": 0.9225330568680105,
            "recall": 0.9230769230769231,
            "f1-score": 0.922409188034188,
            "support": 104.0
        }
    },
    "Random Forest": {
        "0": {
            "precision": 0.8529411764705882,
            "recall": 0.8787878787878788,
            "f1-score": 0.8656716417910447,
            "support": 33.0
        },
        "1": {
            "precision": 0.9428571428571428,
            "recall": 0.9295774647887324,
            "f1-score": 0.9361702127659575,
            "support": 71.0
        },
        "accuracy": 0.9134615384615384,
        "macro avg": {
            "precision": 0.8978991596638655,
            "recall": 0.9041826717883056,
            "f1-score": 0.900920927278501,
            "support": 104.0
        },
        "weighted avg": {
            "precision": 0.914326115061409,
            "recall": 0.9134615384615384,
            "f1-score": 0.9138004738989179,
            "support": 104.0
        }
    },
    "XGBoost": {
        "0": {
            "precision": 0.8823529411764706,
            "recall": 0.9090909090909091,
            "f1-score": 0.8955223880597015,
            "support": 33.0
        },
        "1": {
            "precision": 0.9571428571428572,
            "recall": 0.9436619718309859,
            "f1-score": 0.950354609929078,
            "support": 71.0
        },
        "accuracy": 0.9326923076923077,
        "macro avg": {
            "precision": 0.9197478991596639,
            "recall": 0.9263764404609475,
            "f1-score": 0.9229384989943898,
            "support": 104.0
        },
        "weighted avg": {
            "precision": 0.9334114414996768,
            "recall": 0.9326923076923077,
            "f1-score": 0.9329559241436028,
            "support": 104.0
        }
    }
}