{
    "Logistic Regression": {
        "0": {
            "precision": 0.8484848484848485,
            "recall": 0.8484848484848485,
            "f1-score": 0.8484848484848485,
            "support": 33.0
        },
        "1": {
            "precision": 0.9295774647887324,
            "recall": 0.9295774647887324,
            "f1-score": 0.9295774647887324,
            "support": 71.0
        },
        "accuracy": 0.9038461538461539,
        "macro avg": {
            "precision": 0.8890311566367904,
            "recall": 0.8890311566367904,
            "f1-score": 0.8890311566367904,
            "support": 104.0
        },
        "weighted avg": {
            "precision": 0.9038461538461539,
            "recall": 0.9038461538461539,
            "f1-score": 0.9038461538461539,
            "support": 104.0
        }
    },
    "Decision Tree": {
        "0": {
            "precision": 0.8157894736842105,
            "recall": 0.9393939393939394,
            "f1-score": 0.8732394366197183,
            "support": 33.0
        },
        "1": {
            "precision": 0.9696969696969697,
            "recall": 0.9014084507042254,
            "f1-score": 0.9343065693430657,
            "support": 71.0
        },
        "accuracy": 0.9134615384615384,
        "macro avg": {
            "precision": 0.8927432216905902,
            "recall": 0.9204011950490825,
            "f1-score": 0.903773002981392,
            "support": 104.0
        },
        "weighted avg": {
            "precision": 0.9208609373083056,
            "recall": 0.9134615384615384,
            "f1-score": 0.9149294983827728,
            "support": 104.0
        }
    },
    "K-Nearest Neighbors": {
        "0": {
            "precision": 0.8108108108108109,
            "recall": 0.9090909090909091,
            "f1-score": 0.8571428571428571,
            "support": 33.0
        },
        "1": {
            "precision": 0.9552238805970149,
            "recall": 0.9014084507042254,
            "f1-score": 0.927536231884058,
            "support": 71.0
        },
        "accuracy": 0.9038461538461539,
        "macro avg": {
            "precision": 0.8830173457039129,
            "recall": 0.9052496798975672,
            "f1-score": 0.8923395445134575,
            "support": 104.0
        },
        "weighted avg": {
            "precision": 0.9094005026840848,
            "recall": 0.9038461538461539,
            "f1-score": 0.905199872591177,
            "support": 104.0
        }
    },
    "Naive Bayes": {
        "0": {
            "precision": 0.875,
            "recall": 0.8484848484848485,
            "f1-score": 0.8615384615384616,
            "support": 33.0
        },
        "1": {
            "precision": 0.9305555555555556,
            "recall": 0.9436619718309859,
            "f1-score": 0.9370629370629371,
            "support": 71.0
        },
        "accuracy": 0.9134615384615384,
        "macro avg": {
            "precision": 0.9027777777777778,
            "recall": 0.8960734101579172,
            "f1-score": 0.8993006993006993,
            "support": 104.0
        },
        "weighted avg": {
            "precision": 0.9129273504273504,
            "recall": 0.9134615384615384,
            "f1-score": 0.913098440021517,
            "support": 104.0
        }
    },
    "Random Forest": {
        "0": {
            "precision": 0.90625,
            "recall": 0.8787878787878788,
            "f1-score": 0.8923076923076924,
            "support": 33.0
        },
        "1": {
            "precision": 0.9444444444444444,
            "recall": 0.9577464788732394,
            "f1-score": 0.951048951048951,
            "support": 71.0
        },
        "accuracy": 0.9326923076923077,
        "macro avg": {
            "precision": 0.9253472222222222,
            "recall": 0.9182671788305591,
            "f1-score": 0.9216783216783218,
            "support": 104.0
        },
        "weighted avg": {
            "precision": 0.9323250534188035,
            "recall": 0.9326923076923077,
            "f1-score": 0.9324098977945131,
            "support": 104.0
        }
    },
    "XGBoost": {
        "0": {
            "precision": 0.9428571428571428,
            "recall": 1.0,
            "f1-score": 0.9705882352941176,
            "support": 33.0
        },
        "1": {
            "precision": 1.0,
            "recall": 0.971830985915493,
            "f1-score": 0.9857142857142858,
            "support": 71.0
        },
        "accuracy": 0.9807692307692307,
        "macro avg": {
            "precision": 0.9714285714285714,
            "recall": 0.9859154929577465,
            "f1-score": 0.9781512605042018,
            "support": 104.0
        },
        "weighted avg": {
            "precision": 0.9818681318681318,
            "recall": 0.9807692307692307,
            "f1-score": 0.9809146735617325,
            "support": 104.0
        }
    }
}